risk_id,customer_id,assessment_date,credit_score,risk_rating,recommendation
1,402,2025-01-31 13:43:10.047156,766,Low,Decline
2,408,2025-02-03 05:59:55.117019,549,High,Review
3,956,2023-05-24 15:21:44.705615,637,Medium,Approve
4,553,2024-05-14 18:31:51.049330,342,Medium,Review
5,1573,2024-08-18 21:49:21.725510,584,High,Approve
6,1348,2023-11-12 09:12:00.187629,669,Low,Review
7,830,2023-09-13 14:29:56.701248,534,Low,Decline
8,1244,2023-03-22 22:30:18.203757,785,Medium,Approve
9,1339,2024-10-08 07:20:39.316430,763,Medium,Review
10,921,2024-02-01 21:29:03.935626,644,Low,Approve
11,468,2023-06-06 17:03:08.968774,411,Low,Approve
12,71,2024-03-27 00:15:38.409542,701,High,Review
13,65,2023-07-22 13:02:09.418327,363,Medium,Review
14,1902,2024-08-05 23:07:40.135169,675,High,Approve
15,1366,2025-01-11 18:58:06.870190,557,Low,Decline
16,720,2024-04-25 08:38:05.765427,751,Low,Decline
17,1915,2024-08-18 18:10:21.640050,435,Low,Review
18,1229,2023-05-25 11:42:17.411273,785,High,Review
19,148,2023-04-29 12:24:24.509613,378,High,Review
20,1958,2024-01-11 12:55:39.748772,645,Low,Decline
21,785,2023-10-28 16:47:25.930782,545,Medium,Decline
22,713,2023-11-15 19:27:40.435451,524,Low,Decline
23,400,2023-04-25 02:16:03.221620,331,High,Decline
24,248,2024-06-23 10:44:35.480804,387,Medium,Review
25,1414,2023-07-22 05:19:16.189811,456,Medium,Decline
26,776,2024-10-19 14:49:15.824750,783,Medium,Review
27,566,2024-10-31 09:57:42.431122,594,Medium,Review
28,346,2023-03-06 16:37:30.115050,760,Medium,Decline
29,646,2024-09-15 05:42:08.207634,566,Medium,Decline
30,1645,2023-08-16 04:22:34.460371,305,Medium,Approve
31,468,2024-07-04 08:52:14.508574,303,Medium,Decline
32,483,2025-02-13 14:44:35.959627,483,Low,Approve
33,1764,2023-08-15 07:12:57.006595,661,Low,Review
34,1274,2024-02-21 09:37:34.914350,630,Medium,Approve
35,1194,2024-02-27 11:17:13.424943,444,Low,Review
36,1682,2024-01-03 07:34:11.637727,650,High,Approve
37,355,2024-04-09 19:45:46.823270,767,Medium,Approve
38,933,2023-12-29 12:58:50.230126,743,High,Approve
39,1454,2024-11-09 19:39:51.671049,742,Low,Approve
40,1871,2023-05-10 04:12:16.338543,613,Low,Review
41,1959,2025-01-31 15:33:49.129635,421,Low,Approve
42,18,2024-09-24 05:25:51.751703,811,Medium,Decline
43,1957,2023-06-12 00:16:31.665431,395,Medium,Decline
44,257,2024-01-23 18:56:54.394960,716,Medium,Approve
45,6,2024-01-01 00:37:01.042860,330,Medium,Approve
46,586,2023-03-28 22:22:29.143604,583,Low,Review
47,758,2024-04-09 02:57:30.773401,520,High,Approve
48,428,2023-06-09 08:32:44.578701,361,Low,Approve
49,1274,2023-11-12 22:01:25.085738,558,Low,Decline
50,1338,2024-03-19 13:45:05.049467,623,Low,Review
51,1468,2023-07-30 18:26:51.777615,304,High,Review
52,1957,2024-05-18 23:28:08.975976,724,High,Review
53,976,2023-04-04 14:50:41.363889,759,Low,Approve
54,1749,2024-01-06 02:04:16.371008,652,Low,Approve
55,513,2023-06-07 05:52:14.967221,363,Low,Review
56,1350,2024-02-20 16:19:49.291534,650,High,Review
57,427,2024-08-21 15:21:09.280566,346,Low,Approve
58,820,2024-01-26 04:12:56.439894,503,High,Approve
59,487,2025-02-14 11:38:17.346374,448,High,Approve
60,1717,2024-01-26 04:42:18.809490,847,High,Approve
61,757,2025-01-15 04:56:00.446223,381,Low,Review
62,1597,2024-07-14 08:56:09.471626,603,Medium,Decline
63,1763,2024-01-25 00:31:39.839759,722,Low,Review
64,224,2024-09-06 11:25:29.767468,791,Medium,Review
65,1793,2023-09-11 15:53:12.814295,776,Medium,Decline
66,1790,2023-03-18 08:14:52.781741,617,High,Decline
67,310,2023-10-15 03:26:08.033945,445,Medium,Approve
68,1570,2023-03-15 13:46:28.014424,681,High,Review
69,1905,2024-01-10 09:30:07.542794,707,Low,Approve
70,1438,2023-04-10 00:47:03.759004,366,High,Review
71,578,2025-02-04 12:07:26.741202,810,Medium,Decline
72,476,2024-10-03 22:25:22.326552,526,Low,Review
73,1224,2024-09-15 17:22:19.863595,587,Medium,Review
74,1634,2024-08-20 02:15:21.595741,514,High,Approve
75,720,2024-08-09 03:16:11.289952,537,Medium,Decline
76,1298,2024-06-03 08:25:36.826864,678,Low,Approve
77,396,2023-09-21 15:24:13.931482,630,Medium,Review
78,1361,2024-01-24 01:59:27.812091,455,High,Review
79,249,2024-03-31 20:43:40.393121,611,High,Decline
80,1170,2024-10-25 06:35:19.418841,341,High,Approve
81,651,2023-12-03 12:45:56.912591,473,Low,Review
82,1444,2024-11-30 15:47:26.386837,348,High,Decline
83,1476,2023-05-09 11:49:03.920029,762,Low,Approve
84,1634,2024-06-08 16:39:38.330235,770,Low,Review
85,1397,2023-09-17 10:22:57.256993,830,Medium,Decline
86,106,2023-10-13 07:29:09.301050,831,Low,Approve
87,669,2024-09-18 11:16:18.683054,321,Medium,Approve
88,1753,2024-04-28 06:02:19.920399,658,High,Decline
89,1628,2024-08-29 02:13:15.227091,750,High,Review
90,137,2025-02-03 01:20:16.067924,662,Medium,Decline
91,60,2024-09-27 03:10:18.476470,824,High,Decline
92,981,2023-09-11 06:29:52.310436,545,High,Approve
93,1215,2023-10-21 15:50:30.045139,577,Low,Decline
94,664,2023-06-05 11:34:22.357959,357,Low,Decline
95,1745,2024-03-15 16:41:12.359960,683,Medium,Decline
96,934,2024-03-23 01:51:30.835781,450,Medium,Review
97,293,2023-12-06 03:34:58.127370,382,Medium,Decline
98,1840,2024-10-20 08:37:18.015400,647,Low,Approve
99,969,2024-12-27 10:00:54.132839,380,Low,Review
100,284,2023-03-31 11:26:14.163164,772,Medium,Decline
101,515,2024-05-09 02:46:08.806239,648,Medium,Review
102,1559,2023-07-28 00:08:55.947849,644,Low,Review
103,1051,2023-05-11 02:56:16.631551,800,High,Review
104,1799,2023-10-20 23:15:53.106144,375,Medium,Review
105,950,2024-04-08 11:47:35.444353,650,Low,Review
106,1547,2023-04-06 21:34:26.440078,367,Medium,Approve
107,34,2024-09-14 09:15:35.861739,491,High,Decline
108,1268,2024-01-01 05:16:53.310163,700,Low,Decline
109,1792,2024-03-15 20:49:56.607634,310,Medium,Approve
110,1652,2023-03-31 09:55:11.290070,805,High,Decline
111,1950,2023-05-20 16:55:10.100929,678,Medium,Review
112,1235,2024-08-23 23:02:04.522799,594,High,Decline
113,808,2025-01-23 23:41:25.388303,453,Medium,Review
114,1712,2023-04-23 07:24:48.229742,663,Medium,Decline
115,704,2024-03-18 05:22:54.239866,637,High,Approve
116,325,2024-07-25 09:26:38.118480,769,Medium,Approve
117,1557,2023-11-29 10:30:05.961071,778,Low,Approve
118,1109,2024-04-04 03:42:33.609098,423,Medium,Decline
119,31,2023-10-03 17:22:29.655124,722,Medium,Decline
120,629,2025-01-09 21:10:57.261555,389,High,Decline
121,1321,2024-08-21 14:50:55.184484,369,High,Review
122,1758,2024-04-14 19:56:11.388022,787,Low,Decline
123,92,2023-03-05 23:57:59.893080,834,High,Decline
124,997,2025-01-08 01:10:25.481869,555,Medium,Decline
125,972,2024-07-31 01:32:33.230407,657,High,Approve
126,234,2024-09-25 17:54:58.080419,604,Low,Review
127,1875,2024-06-30 01:37:19.887457,357,Medium,Approve
128,233,2024-01-06 08:26:01.808156,773,Low,Decline
129,902,2024-11-04 21:29:22.032589,700,High,Review
130,913,2023-05-17 06:36:43.488447,807,High,Review
131,850,2024-07-03 11:21:27.730831,750,Medium,Review
132,365,2024-12-15 22:55:23.620122,403,Low,Review
133,448,2024-08-11 06:18:07.357808,587,High,Decline
134,433,2023-11-22 08:30:41.133297,569,Medium,Decline
135,869,2023-08-31 04:49:00.795732,743,Medium,Decline
136,971,2024-12-29 23:28:21.004970,714,Medium,Decline
137,1859,2024-10-22 14:11:45.189394,608,Low,Approve
138,1029,2023-07-14 11:22:36.171252,534,Low,Decline
139,1882,2023-10-22 12:32:37.853000,351,High,Decline
140,1048,2024-07-09 12:14:38.637759,417,High,Decline
141,1286,2024-05-07 21:01:39.399726,651,Low,Decline
142,1426,2025-02-19 12:15:30.424288,807,Low,Review
143,1012,2025-01-21 00:47:59.833698,573,Medium,Approve
144,1493,2024-05-18 03:15:35.684190,648,High,Decline
145,1790,2024-10-10 05:56:03.241782,333,Medium,Approve
146,835,2023-08-27 18:15:19.677505,603,Low,Approve
147,1060,2023-06-28 18:35:48.373024,637,Low,Approve
148,1672,2025-02-02 11:39:38.925061,313,Low,Decline
149,1090,2024-02-11 01:50:46.060675,309,High,Approve
150,899,2024-08-03 16:03:57.342418,398,Medium,Approve
151,1620,2024-09-23 20:44:23.041961,321,Medium,Approve
152,1102,2023-09-19 20:20:54.551690,671,Medium,Decline
153,635,2023-12-15 04:20:02.885925,458,High,Approve
154,112,2023-12-23 10:03:20.556703,490,Medium,Decline
155,1955,2025-01-23 16:47:59.924312,642,Medium,Review
156,629,2023-11-17 06:01:35.813839,513,High,Review
157,1314,2024-12-27 14:47:59.557613,839,High,Approve
158,1335,2023-12-18 13:36:13.953517,691,High,Decline
159,800,2023-05-15 16:07:40.189874,490,High,Decline
160,922,2024-08-24 07:06:19.162222,630,Low,Review
161,1216,2024-11-21 20:43:07.610110,329,Low,Approve
162,809,2024-01-02 04:09:22.986756,512,Medium,Review
163,181,2025-01-03 06:01:52.139868,750,Medium,Review
164,429,2024-02-28 20:46:35.203227,489,Medium,Approve
165,843,2024-07-17 16:12:40.483712,761,Medium,Decline
166,1024,2024-04-02 15:46:58.997802,830,Low,Decline
167,1601,2024-03-23 09:15:47.179927,346,Medium,Review
168,841,2023-03-07 14:56:21.475957,408,Low,Approve
169,184,2023-03-22 20:42:39.455915,350,Medium,Review
170,1167,2024-04-15 13:27:06.870858,622,High,Decline
171,1859,2023-09-14 12:25:02.692633,770,Low,Decline
172,1347,2024-02-24 08:06:29.260651,384,Low,Decline
173,393,2024-08-20 09:16:07.889130,503,Low,Review
174,1901,2024-11-10 14:09:06.848517,774,Low,Decline
175,325,2023-06-28 01:58:00.922854,532,Medium,Approve
176,1551,2024-11-17 10:59:26.763747,525,High,Approve
177,1878,2025-02-07 04:52:05.824032,357,Low,Approve
178,1250,2024-11-13 15:10:18.857980,804,High,Approve
179,1249,2024-06-02 04:21:49.854621,480,Medium,Approve
180,524,2023-12-31 10:42:34.294517,383,Medium,Review
181,524,2023-04-11 23:44:29.284988,527,High,Approve
182,404,2024-10-08 21:39:12.503334,842,Low,Review
183,1382,2023-12-17 14:09:52.652525,706,Medium,Approve
184,794,2024-12-20 07:31:22.387490,533,Medium,Approve
185,1160,2024-08-14 18:45:57.276688,356,High,Review
186,835,2024-03-14 17:38:30.481130,584,High,Decline
187,1750,2024-02-01 00:41:15.095958,766,High,Decline
188,1692,2024-01-31 17:50:27.637876,498,High,Approve
189,95,2024-07-14 04:56:10.175477,387,Medium,Review
190,1509,2023-11-06 22:55:43.232199,507,Medium,Decline
191,1978,2024-05-28 02:42:02.782196,799,Medium,Review
192,177,2023-06-09 17:43:56.289060,650,Low,Approve
193,1993,2023-10-14 23:41:20.525187,510,Low,Decline
194,449,2023-05-06 14:06:37.713093,656,Low,Decline
195,1937,2024-09-11 12:58:50.436475,752,Low,Decline
196,1460,2024-08-19 04:13:18.395683,569,Low,Review
197,1779,2024-08-08 11:34:29.046426,749,Medium,Decline
198,743,2024-03-07 08:12:43.286379,715,Low,Review
199,491,2023-04-30 23:23:12.523879,370,Low,Decline
200,1631,2024-05-17 13:47:46.238036,840,Medium,Review
201,402,2023-06-10 21:06:38.668170,626,Medium,Approve
202,25,2023-07-08 09:56:58.387455,846,Medium,Review
203,1777,2024-03-14 19:08:14.446223,461,Medium,Review
204,81,2023-10-15 21:33:19.962215,714,Medium,Decline
205,1005,2024-06-24 13:59:49.183102,444,High,Approve
206,1514,2024-07-17 14:08:37.538204,784,Low,Review
207,1801,2024-02-24 03:11:36.624453,603,Low,Decline
208,1165,2023-04-10 22:15:59.230436,760,Low,Approve
209,494,2024-04-29 13:32:03.755414,726,High,Decline
210,956,2024-06-19 02:49:58.725212,812,Medium,Review
211,716,2023-07-15 21:38:40.192245,372,High,Decline
212,1988,2025-01-23 09:38:01.890416,544,High,Approve
213,1567,2024-12-17 14:22:08.132899,494,Medium,Decline
214,303,2025-02-14 11:23:14.526485,823,High,Review
215,100,2024-02-22 06:53:45.298120,454,Low,Approve
216,517,2023-08-02 03:08:44.986505,373,Low,Approve
217,1930,2024-07-23 08:12:21.095677,524,Medium,Approve
218,951,2023-11-25 08:54:54.890786,579,High,Approve
219,1402,2024-02-13 07:08:36.076678,544,Low,Approve
220,32,2023-08-12 13:22:31.852253,830,Medium,Approve
221,1713,2024-07-03 14:13:25.794940,364,High,Approve
222,1036,2023-07-10 13:19:51.499001,820,Medium,Review
223,434,2023-07-13 12:12:14.481323,396,Medium,Decline
224,1589,2023-10-25 11:17:13.766103,726,Medium,Approve
225,1900,2023-07-24 21:51:38.261912,560,Medium,Decline
226,1569,2023-04-30 10:21:47.726863,794,High,Decline
227,877,2023-09-18 06:39:37.981130,539,High,Review
228,1459,2024-01-21 11:50:55.295176,304,High,Approve
229,824,2023-07-26 01:41:14.595989,420,Low,Review
230,1481,2024-11-09 18:12:14.370819,604,Low,Approve
231,583,2024-01-01 11:07:42.946941,331,Medium,Approve
232,1435,2023-03-29 16:40:34.532479,692,Low,Review
233,710,2024-09-22 18:49:27.470961,672,Medium,Review
234,1266,2025-02-15 05:19:41.243797,541,High,Approve
235,1199,2024-06-04 07:24:46.991324,323,High,Decline
236,345,2024-03-17 12:20:07.728005,678,Medium,Decline
237,1692,2024-03-17 15:16:22.874550,543,Medium,Review
238,1675,2023-03-21 05:33:15.987674,423,High,Approve
239,243,2023-07-19 09:14:41.566011,430,High,Approve
240,1425,2024-12-04 05:14:11.577038,468,Medium,Decline
241,140,2024-01-09 20:25:34.166079,800,Medium,Approve
242,1840,2025-02-18 17:07:07.314297,691,High,Decline
243,1383,2025-01-02 12:30:50.687265,440,Low,Approve
244,949,2024-09-28 10:35:39.601207,827,Low,Decline
245,851,2023-07-06 02:53:57.383732,436,Medium,Approve
246,734,2024-09-26 09:15:55.464045,501,High,Approve
247,171,2024-11-28 02:50:05.370705,805,Low,Decline
248,1962,2024-06-19 19:19:48.693035,426,Medium,Approve
249,1035,2023-08-22 18:40:29.714513,538,Medium,Approve
250,1295,2023-07-26 01:56:39.948845,630,High,Decline
251,111,2024-04-05 12:59:40.977179,645,Medium,Decline
252,1353,2023-12-02 22:59:18.389241,526,High,Approve
253,466,2023-12-05 09:33:51.055580,540,Medium,Approve
254,1769,2023-12-03 18:11:32.194875,321,Low,Decline
255,9,2024-03-14 11:36:53.147571,409,High,Review
256,1634,2024-02-13 05:27:52.424818,423,Medium,Approve
257,1000,2024-07-21 21:30:34.815161,349,High,Review
258,1520,2023-07-15 20:58:32.957104,655,Low,Review
259,388,2023-04-19 05:32:05.995579,605,Medium,Approve
260,311,2023-03-13 05:55:42.642185,314,Medium,Decline
261,454,2024-01-20 03:44:56.603307,468,Medium,Approve
262,418,2024-06-06 00:39:57.557137,722,Low,Decline
263,555,2023-10-29 01:49:44.046457,808,High,Decline
264,20,2024-09-11 07:32:43.529675,422,Low,Decline
265,444,2024-07-08 08:42:45.299234,772,High,Approve
266,430,2024-04-08 09:30:14.779814,843,Low,Review
267,1733,2023-10-17 23:56:45.423216,817,Low,Approve
268,654,2025-02-02 01:03:41.035805,636,High,Review
269,491,2024-12-05 16:12:19.520337,513,Medium,Review
270,1002,2023-09-09 02:06:21.790376,458,High,Review
271,1388,2023-09-28 12:47:07.344279,330,Medium,Review
272,1550,2024-05-17 23:13:38.521177,670,Low,Review
273,986,2024-03-03 11:43:12.331970,680,Low,Approve
274,1651,2023-07-24 13:39:38.258843,637,Low,Decline
275,8,2023-06-13 15:25:43.772748,829,Low,Decline
276,1488,2024-11-10 03:59:04.234952,801,Low,Decline
277,1360,2023-05-02 04:20:09.660808,837,Low,Decline
278,1701,2024-09-08 21:37:37.237227,439,Medium,Approve
279,1446,2024-01-25 22:59:28.726055,770,Low,Decline
280,338,2023-11-08 01:24:31.087867,314,High,Approve
281,1452,2023-10-03 07:00:40.376037,785,Low,Decline
282,1411,2024-12-02 17:08:40.770236,768,Low,Approve
283,902,2024-08-07 09:46:50.643498,542,Medium,Review
284,1030,2024-12-11 19:25:04.365291,784,Low,Review
285,1059,2024-04-20 16:22:22.870248,372,High,Review
286,1410,2024-06-14 13:37:37.851650,583,Low,Approve
287,1396,2023-03-22 03:26:22.538522,537,Low,Review
288,1825,2024-08-30 05:21:59.621708,704,Medium,Review
289,1431,2024-03-10 21:28:45.471874,508,Low,Review
290,1381,2023-08-16 13:54:48.618119,412,Low,Review
291,179,2025-01-31 00:36:57.418207,641,Medium,Decline
292,323,2024-03-18 07:10:11.571875,423,Low,Decline
293,231,2024-02-19 10:30:30.094921,400,Medium,Approve
294,1914,2024-12-28 14:34:11.226516,499,Low,Review
295,1728,2024-09-01 11:22:28.400779,534,High,Decline
296,995,2023-12-26 10:55:21.407861,445,Medium,Review
297,1328,2023-09-21 05:00:50.528175,770,Medium,Approve
298,461,2024-01-31 01:25:16.615477,660,Low,Decline
299,1725,2024-05-05 02:01:24.203831,548,Low,Approve
300,1782,2023-07-08 09:12:18.270585,782,Low,Approve
301,1276,2023-12-19 03:41:55.885742,512,High,Decline
302,1587,2024-03-05 13:13:16.053814,535,Medium,Review
303,1350,2024-08-25 13:52:06.376877,776,Medium,Decline
304,1026,2023-04-02 17:35:55.319778,645,Low,Decline
305,503,2025-01-29 04:01:08.462140,837,Low,Review
306,1266,2024-12-02 00:49:51.233100,725,High,Approve
307,1560,2023-03-12 08:43:06.111115,584,High,Decline
308,365,2024-01-22 23:48:19.251319,439,High,Review
309,984,2023-03-13 08:51:11.746716,816,Medium,Approve
310,969,2024-03-23 10:20:50.945084,360,Medium,Review
311,230,2024-08-21 10:52:47.505311,735,High,Review
312,1541,2024-10-14 14:55:32.262246,658,Medium,Review
313,311,2023-07-20 00:51:49.491369,653,High,Approve
314,125,2024-02-12 17:31:55.788605,592,Medium,Review
315,1998,2024-04-11 01:03:03.718911,650,Low,Decline
316,790,2023-05-30 21:53:58.158209,829,Medium,Approve
317,361,2024-05-03 17:36:06.626195,836,Medium,Decline
318,1090,2024-10-18 04:20:54.199212,398,High,Decline
319,228,2023-05-11 22:51:51.100841,793,Low,Approve
320,943,2024-11-02 23:50:18.305882,300,Medium,Decline
321,747,2025-01-04 05:55:51.567062,517,Medium,Approve
322,1221,2024-12-19 13:06:36.839233,723,Medium,Review
323,421,2025-02-15 12:18:37.617899,556,Medium,Approve
324,1095,2024-12-25 10:35:31.768969,348,Low,Review
325,1325,2023-07-09 05:31:41.174811,721,Low,Review
326,460,2024-08-22 04:50:48.816650,772,Low,Approve
327,591,2023-10-20 04:14:32.254774,399,Low,Review
328,398,2024-04-18 05:30:59.249202,725,High,Review
329,163,2024-03-03 03:51:54.768660,612,Low,Approve
330,960,2024-02-11 15:32:53.336144,326,High,Decline
331,122,2024-03-14 21:48:44.570140,341,High,Decline
332,7,2023-04-10 13:57:05.564296,417,Medium,Approve
333,348,2023-09-03 06:31:55.290168,618,Low,Decline
334,785,2023-07-12 00:45:40.249391,622,High,Decline
335,255,2024-07-09 19:06:54.280293,741,High,Review
336,736,2024-12-26 06:18:21.958863,691,High,Review
337,1831,2024-03-07 16:27:40.325730,690,Medium,Approve
338,1578,2023-05-16 07:11:39.629332,590,High,Decline
339,598,2023-06-12 02:54:00.750037,840,High,Decline
340,939,2023-08-16 22:23:31.837426,514,Low,Review
341,1290,2024-09-19 21:55:44.846892,346,Medium,Decline
342,932,2024-04-12 09:52:54.719765,611,High,Approve
343,1044,2024-07-17 17:30:14.903261,579,Low,Review
344,171,2024-12-28 02:59:20.250376,839,High,Review
345,798,2023-11-21 05:54:10.485862,396,Medium,Review
346,1020,2024-08-26 00:00:42.580708,658,High,Review
347,64,2023-03-07 12:22:52.067098,475,Low,Approve
348,1297,2024-10-19 07:20:19.013999,435,Medium,Approve
349,759,2024-06-07 14:03:52.838370,607,High,Review
350,929,2023-04-14 04:30:40.210802,785,Medium,Approve
351,820,2024-09-01 05:55:12.403518,750,High,Review
352,1065,2023-05-11 05:15:37.453447,388,Medium,Approve
353,498,2024-05-19 14:03:46.464155,350,Medium,Decline
354,422,2024-08-05 11:16:05.813734,378,Low,Review
355,1681,2025-01-23 01:05:19.247046,562,Medium,Review
356,974,2024-09-01 11:26:55.410975,317,High,Review
357,938,2024-04-10 22:57:04.200851,337,Low,Decline
358,937,2023-03-04 00:31:25.712534,561,Medium,Decline
359,944,2025-01-19 16:24:45.316859,728,High,Approve
360,1886,2023-09-25 07:41:56.296752,619,Low,Approve
361,277,2024-01-22 16:30:57.455565,694,Medium,Review
362,72,2024-05-20 08:41:44.628064,433,Medium,Decline
363,957,2024-11-19 08:51:26.303155,603,Low,Review
364,511,2024-11-17 20:22:00.310146,569,Medium,Decline
365,1694,2024-04-22 23:58:24.847938,308,High,Approve
366,689,2023-05-29 05:26:06.741936,670,High,Review
367,179,2023-08-27 13:24:18.503456,707,High,Decline
368,1203,2024-02-11 16:47:23.092313,303,Low,Approve
369,1199,2023-12-03 17:03:25.582482,482,High,Review
370,100,2023-06-28 15:05:22.232977,732,Low,Approve
371,549,2024-02-29 04:23:40.555180,633,Low,Decline
372,93,2024-12-19 10:11:59.225345,487,Low,Approve
373,1619,2023-09-27 10:01:19.476524,833,High,Review
374,313,2024-03-24 02:23:29.971796,738,High,Review
375,1312,2023-12-15 12:32:06.828084,606,Medium,Review
376,966,2024-04-03 07:14:52.887808,403,Medium,Approve
377,414,2024-04-10 01:07:21.928816,485,High,Approve
378,222,2024-09-05 05:26:50.574409,562,High,Approve
379,522,2023-05-24 08:28:08.141064,507,Low,Approve
380,146,2024-11-23 09:47:18.230532,340,Low,Approve
381,1327,2024-06-08 22:23:52.873338,455,High,Decline
382,1698,2023-05-11 18:48:35.302225,702,High,Approve
383,874,2024-02-26 21:31:35.171704,338,Low,Review
384,787,2024-06-04 08:54:18.541087,328,Medium,Approve
385,880,2023-06-10 20:32:17.595711,394,Low,Decline
386,1043,2023-05-03 18:22:00.578300,475,Medium,Approve
387,283,2023-03-07 02:10:14.600811,619,High,Decline
388,1250,2023-10-22 08:03:13.725493,667,High,Review
389,1246,2023-07-23 07:26:10.562305,555,Medium,Approve
390,307,2024-03-12 18:54:32.057453,650,Low,Review
391,70,2024-10-17 08:18:53.318514,754,Low,Decline
392,15,2023-09-25 05:56:25.469196,665,Medium,Decline
393,486,2024-01-25 07:19:18.189361,603,High,Review
394,28,2024-11-29 22:32:38.182632,484,Low,Decline
395,1867,2025-01-22 22:34:21.878071,672,High,Decline
396,853,2024-10-16 12:24:22.081216,393,Low,Decline
397,1851,2024-08-27 17:50:13.755212,427,Low,Approve
398,852,2024-05-25 04:32:49.513496,657,Low,Approve
399,1279,2024-01-23 15:13:57.896002,640,High,Approve
400,977,2024-04-04 18:13:13.025328,717,High,Review
401,1388,2023-08-09 21:49:52.302594,373,High,Decline
402,1491,2024-09-22 17:04:00.941186,752,Medium,Approve
403,1654,2023-05-19 07:58:25.640982,394,Low,Review
404,632,2024-05-02 15:45:57.670677,775,High,Approve
405,1286,2023-11-25 03:13:24.387286,805,Medium,Decline
406,1136,2024-03-16 16:18:06.719759,550,Medium,Review
407,1737,2023-08-20 18:05:54.276666,566,Low,Review
408,160,2023-10-12 02:27:59.821001,430,High,Review
409,1187,2024-10-16 23:01:33.244155,553,Medium,Decline
410,716,2024-09-19 17:04:30.672341,348,High,Decline
411,419,2024-01-09 06:14:56.254481,669,High,Decline
412,1962,2024-04-24 21:30:26.430934,716,Low,Approve
413,170,2023-08-06 04:53:06.839512,520,Medium,Review
414,1795,2023-02-27 04:09:19.602632,830,High,Decline
415,1674,2023-03-29 16:56:41.457107,766,Low,Review
416,1149,2024-06-04 13:50:11.709926,514,Medium,Review
417,868,2024-09-06 19:26:36.364964,592,Low,Decline
418,1144,2024-08-26 14:37:06.665693,715,Low,Approve
419,859,2023-12-24 08:22:13.801176,649,Medium,Review
420,614,2023-11-24 13:09:58.500084,625,Medium,Approve
421,598,2023-08-13 03:50:53.308923,724,Medium,Decline
422,1217,2024-11-22 15:32:54.958713,487,Low,Approve
423,1488,2024-12-26 07:59:33.484730,458,High,Review
424,148,2023-07-20 17:03:32.895495,321,Low,Decline
425,1647,2024-01-11 03:10:49.294679,822,Medium,Review
426,1002,2023-04-29 16:25:33.654362,733,High,Decline
427,1105,2024-05-09 13:23:57.203706,396,High,Review
428,1068,2024-01-15 11:36:37.278564,610,High,Decline
429,541,2025-01-13 00:53:37.471114,498,Low,Decline
430,1595,2024-06-08 07:06:12.914885,461,Low,Review
431,1291,2024-04-15 21:38:39.283786,459,Low,Approve
432,1066,2023-09-03 02:25:10.936762,389,High,Decline
433,1630,2024-01-30 13:22:35.693824,318,Medium,Approve
434,517,2023-04-24 21:41:02.849275,580,High,Approve
435,1891,2024-12-15 19:43:51.722254,659,Low,Decline
436,124,2024-02-15 19:49:29.109664,696,High,Review
437,1565,2023-08-26 11:03:57.963948,473,Low,Approve
438,546,2024-10-04 07:31:31.791346,767,Medium,Decline
439,567,2023-07-11 15:54:17.185558,608,Medium,Decline
440,216,2024-05-24 14:46:27.577746,525,Low,Review
441,1542,2025-01-21 01:07:38.543179,689,Medium,Approve
442,65,2024-01-08 23:45:10.120472,848,Medium,Review
443,1725,2025-02-09 20:46:23.371539,703,Medium,Decline
444,66,2024-08-05 07:47:59.846000,618,High,Approve
445,553,2023-03-26 01:13:02.606696,562,Medium,Review
446,1899,2023-06-22 10:00:37.138642,508,Low,Approve
447,527,2025-01-09 05:40:38.132929,639,High,Approve
448,175,2024-11-25 11:48:27.490688,602,Low,Review
449,1708,2024-05-13 05:30:30.222229,312,Medium,Approve
450,956,2024-01-09 06:47:55.958513,308,Low,Approve
451,876,2023-11-29 14:47:41.766522,807,High,Decline
452,1568,2025-02-13 13:04:48.204130,714,High,Approve
453,256,2023-12-31 21:35:26.095592,674,Medium,Decline
454,1251,2023-10-13 03:30:38.350165,350,Low,Review
455,130,2024-08-21 14:55:49.858449,501,Low,Decline
456,664,2023-12-14 07:50:18.735774,814,High,Approve
457,1022,2023-12-04 11:44:38.537806,667,High,Decline
458,366,2023-08-07 12:26:14.645435,624,Medium,Review
459,1923,2024-06-22 20:18:44.411062,441,High,Review
460,942,2023-03-01 00:33:44.567153,548,Medium,Review
461,1020,2023-05-07 10:09:43.944468,839,High,Decline
462,276,2024-12-27 07:22:30.486631,670,Low,Review
463,1085,2023-05-14 11:07:28.871719,579,Low,Review
464,1298,2024-02-21 07:49:14.871950,519,Low,Review
465,1840,2023-05-28 19:09:10.216585,521,High,Decline
466,1622,2023-05-03 17:43:30.233196,798,High,Review
467,1802,2023-08-07 17:00:27.086360,667,Low,Review
468,1675,2023-12-16 22:05:19.147171,588,Medium,Approve
469,1314,2025-02-12 03:30:19.586972,609,Medium,Review
470,1369,2023-07-06 04:53:21.015976,470,Medium,Approve
471,291,2024-02-13 00:18:50.105134,756,Low,Review
472,121,2024-09-29 08:42:25.131114,626,Low,Decline
473,518,2024-09-26 21:13:19.283198,807,High,Review
474,1689,2023-08-04 04:37:10.537422,543,High,Decline
475,1958,2024-03-14 00:15:23.416264,839,Medium,Decline
476,1595,2024-12-09 14:48:45.456514,318,High,Review
477,227,2024-07-15 23:09:15.636354,566,Medium,Approve
478,1058,2024-12-11 13:59:07.787793,594,Low,Decline
479,539,2023-06-14 14:45:50.943742,672,Medium,Review
480,470,2023-07-30 13:54:22.354064,516,Medium,Review
481,1847,2023-08-09 03:56:46.600148,793,High,Decline
482,429,2024-09-13 14:38:13.334185,337,High,Decline
483,891,2024-05-04 13:18:57.790926,626,High,Decline
484,945,2024-04-19 06:36:39.279194,729,High,Review
485,1556,2024-08-12 13:32:18.010085,642,Medium,Approve
486,902,2023-02-26 02:19:14.931746,389,Medium,Review
487,346,2023-06-08 15:10:41.292901,769,Medium,Approve
488,412,2025-01-31 07:56:33.300561,589,High,Decline
489,715,2024-10-03 05:25:01.686311,449,High,Approve
490,1441,2024-12-26 23:09:12.349271,343,Medium,Review
491,1621,2023-11-25 05:07:02.773792,394,High,Review
492,1121,2024-02-18 07:26:21.298576,499,Low,Decline
493,607,2023-08-10 06:59:03.613313,378,Low,Decline
494,1080,2023-04-24 22:29:09.411970,793,Medium,Approve
495,1135,2024-02-23 21:09:43.278837,609,Medium,Review
496,707,2023-11-14 01:53:43.024828,538,Medium,Review
497,26,2023-06-30 09:01:49.722365,499,Medium,Decline
498,1283,2024-04-22 01:24:43.408669,725,Medium,Approve
499,226,2023-10-14 22:57:35.140661,305,Low,Decline
500,566,2024-01-16 17:12:22.692971,323,Low,Review
501,1989,2023-04-02 11:34:08.718000,373,Low,Approve
502,1014,2023-12-01 02:10:24.382457,742,High,Decline
503,1484,2024-04-25 15:06:47.475991,523,Low,Approve
504,1285,2023-09-16 13:22:29.934639,627,Low,Approve
505,940,2024-05-15 12:37:08.627805,368,Low,Decline
506,1092,2025-01-04 00:19:32.222909,627,Low,Approve
507,1740,2024-12-20 14:41:27.465789,547,Low,Decline
508,1826,2024-09-30 17:12:01.347478,606,Medium,Review
509,249,2024-01-30 05:12:37.433216,301,Low,Review
510,1063,2025-02-19 02:37:05.470217,444,Low,Review
511,1218,2023-12-18 13:16:53.050559,456,Medium,Review
512,1171,2023-04-17 04:22:13.286893,611,Medium,Review
513,929,2025-01-11 19:57:59.273490,389,Low,Decline
514,1243,2023-09-23 20:25:38.147920,572,High,Decline
515,354,2024-01-30 23:06:34.095675,517,High,Decline
516,342,2024-03-06 09:43:55.403448,605,Low,Review
517,324,2025-01-03 18:26:00.555787,363,High,Decline
518,1032,2024-03-01 16:18:01.202464,615,High,Review
519,632,2024-12-03 15:43:53.806887,655,Low,Decline
520,1703,2024-09-30 01:45:12.032960,381,High,Decline
521,1462,2023-12-26 20:39:13.545486,828,High,Approve
522,217,2024-10-21 10:32:10.795269,338,High,Decline
523,1068,2025-01-14 08:30:07.161691,674,Low,Review
524,868,2024-02-14 06:48:29.844674,840,High,Review
525,837,2023-04-13 12:25:46.855095,419,Medium,Review
526,553,2023-06-14 05:24:42.863431,761,Medium,Approve
527,201,2025-01-06 03:48:19.332665,398,Low,Approve
528,1952,2024-10-14 00:13:34.764137,618,Medium,Review
529,1364,2024-04-25 17:51:32.672967,630,Low,Review
530,1403,2024-05-18 15:58:41.874643,692,Medium,Decline
531,1505,2024-08-18 16:12:13.314430,685,Medium,Review
532,828,2023-12-15 11:54:31.061871,317,High,Approve
533,1656,2024-11-28 22:50:49.592343,438,Low,Review
534,1390,2023-10-20 15:14:09.852611,619,High,Decline
535,777,2024-04-15 18:26:44.824342,413,Low,Approve
536,960,2024-01-12 22:01:17.222445,774,Low,Approve
537,205,2024-07-05 19:56:15.311219,824,High,Review
538,785,2023-11-02 17:06:35.447888,624,Medium,Review
539,1284,2023-07-08 09:21:38.626336,724,Low,Approve
540,581,2024-11-29 21:05:02.812905,689,Medium,Decline
541,704,2023-04-25 00:16:39.756850,496,Low,Review
542,1365,2024-07-18 02:24:39.669143,773,High,Decline
543,426,2024-06-13 20:58:50.951180,621,High,Approve
544,1895,2024-05-26 20:04:09.023093,782,High,Review
545,1036,2023-06-02 03:24:19.408430,794,Medium,Decline
546,1641,2023-06-24 12:50:18.083492,678,High,Approve
547,1437,2023-06-24 05:45:18.551346,492,Low,Approve
548,1184,2024-06-19 13:27:08.148357,704,Low,Review
549,485,2023-05-17 23:07:31.854276,574,Low,Review
550,336,2023-06-08 10:32:46.047554,719,Low,Decline
551,957,2023-10-09 09:24:18.729123,306,Medium,Decline
552,1943,2023-05-22 10:04:02.273855,460,Low,Review
553,1585,2023-06-14 20:57:52.060583,828,High,Approve
554,1987,2023-02-22 21:56:31.421413,761,Low,Decline
555,1528,2024-03-14 10:39:50.273132,582,High,Decline
556,52,2023-10-26 18:41:52.220006,480,Low,Approve
557,1501,2023-11-09 22:19:19.118924,490,Medium,Decline
558,810,2024-06-01 11:19:40.958388,677,Low,Approve
559,690,2024-04-23 15:53:08.231908,784,Low,Review
560,92,2023-12-01 03:21:00.562699,689,Medium,Review
561,1233,2023-04-15 20:43:04.840359,579,Medium,Review
562,658,2024-01-08 22:34:57.137471,738,Low,Decline
563,1677,2023-09-24 08:54:45.412945,327,Medium,Review
564,1050,2023-03-12 05:25:07.145115,382,Medium,Approve
565,334,2025-01-26 02:44:06.628205,575,High,Review
566,1796,2023-08-11 16:22:52.434993,850,Low,Approve
567,19,2024-06-01 09:29:19.751489,786,Low,Review
568,1487,2023-11-22 09:26:44.412456,321,Low,Decline
569,169,2024-08-06 23:49:34.201462,308,High,Approve
570,872,2024-04-14 01:15:06.161048,743,High,Review
571,84,2023-10-01 21:29:23.461975,621,Medium,Review
572,845,2023-12-27 00:42:42.984204,411,High,Decline
573,79,2024-08-28 05:20:42.808276,634,High,Approve
574,687,2024-09-11 14:14:45.787465,727,High,Approve
575,909,2024-12-18 12:28:52.932726,566,High,Approve
576,1527,2024-07-16 23:18:42.377491,669,Low,Decline
577,326,2024-12-30 05:32:00.469856,732,Low,Review
578,8,2023-08-28 05:56:03.387043,483,High,Approve
579,1250,2023-10-25 05:35:11.984030,470,Low,Review
580,505,2023-06-08 00:56:56.278256,377,Medium,Review
581,80,2023-07-17 15:09:25.222968,506,Medium,Review
582,153,2025-01-27 22:25:37.261870,558,High,Review
583,1277,2025-02-04 01:05:40.816274,788,High,Review
584,1018,2023-10-14 12:12:56.582866,674,Medium,Approve
585,262,2024-10-19 01:41:04.731137,470,Medium,Decline
586,716,2024-07-23 03:12:11.830538,521,Low,Decline
587,749,2023-12-25 20:58:48.379582,476,High,Approve
588,129,2024-12-25 13:29:48.435422,728,High,Decline
589,1677,2024-07-13 11:45:24.577541,785,Low,Review
590,1651,2023-12-20 16:47:41.645243,652,Medium,Review
591,1407,2024-07-18 07:35:59.366925,647,Low,Decline
592,1519,2024-02-07 09:06:08.548987,680,Medium,Review
593,1346,2024-01-30 22:57:45.485664,300,Low,Approve
594,467,2024-08-16 22:31:04.662661,546,Medium,Decline
595,1513,2025-01-13 16:13:35.472305,492,Low,Review
596,1249,2023-06-20 06:39:04.895915,806,Medium,Review
597,1145,2025-01-22 22:29:44.247607,757,High,Approve
598,1049,2023-04-12 04:11:28.476940,666,Medium,Decline
599,202,2023-04-28 09:37:52.338687,543,High,Review
600,792,2024-04-29 05:43:59.714188,522,High,Review
601,1786,2025-02-03 21:30:45.001078,709,High,Decline
602,1530,2023-12-30 04:17:01.409145,678,High,Decline
603,603,2023-04-21 14:31:00.170024,477,Low,Approve
604,1268,2023-03-27 17:31:43.898188,494,High,Review
605,1583,2023-12-22 22:25:51.115308,721,High,Decline
606,205,2024-03-23 18:25:31.006271,760,High,Review
607,1491,2023-06-10 08:49:41.032065,326,Low,Review
608,494,2024-06-10 21:13:50.986652,656,Low,Approve
609,661,2024-01-16 01:23:12.280933,522,Low,Review
610,356,2023-06-19 14:29:32.581910,738,Medium,Decline
611,1368,2024-10-06 05:56:42.412062,453,Medium,Approve
612,560,2023-05-24 07:33:24.898430,460,Low,Review
613,908,2023-03-02 05:53:14.587570,680,Low,Approve
614,274,2024-12-30 18:18:10.778273,808,Medium,Decline
615,1317,2023-04-07 16:23:22.856395,565,Medium,Review
616,950,2024-02-22 19:02:55.754709,385,Medium,Approve
617,111,2024-09-16 07:43:26.942658,546,Low,Review
618,1583,2024-11-09 08:10:22.613423,631,Low,Decline
619,1205,2024-08-28 02:03:35.545666,649,Low,Approve
620,1986,2024-08-08 01:52:51.252438,697,Medium,Approve
621,1336,2023-03-13 13:44:38.791260,590,Medium,Review
622,1308,2024-09-10 03:50:06.924213,451,Medium,Review
623,44,2025-02-07 05:38:09.393754,699,Low,Review
624,21,2024-12-20 11:10:12.761091,585,Medium,Approve
625,1221,2024-01-15 10:09:18.881916,719,High,Decline
626,899,2023-04-13 20:51:50.137758,521,Medium,Approve
627,1387,2024-10-18 10:53:50.877038,786,High,Decline
628,1828,2024-08-07 22:01:41.127684,822,Low,Review
629,595,2023-10-06 01:31:03.185396,732,Medium,Review
630,519,2023-05-15 19:48:15.309994,451,High,Review
631,444,2024-10-05 21:19:15.993598,666,Low,Approve
632,1971,2024-08-01 00:13:16.801491,322,High,Review
633,514,2024-10-06 09:50:22.698484,757,Medium,Approve
634,385,2024-11-20 13:17:33.988517,458,High,Decline
635,1427,2024-01-21 15:06:17.711371,498,Medium,Approve
636,310,2024-10-24 08:23:10.553987,530,Low,Review
637,1440,2023-08-20 14:07:36.459836,764,Medium,Review
638,259,2023-08-25 03:08:24.803243,553,Medium,Review
639,1556,2023-06-26 12:42:53.213307,564,High,Review
640,235,2024-01-26 22:26:21.027051,641,Medium,Approve
641,1952,2024-11-25 18:33:49.402248,521,Medium,Decline
642,1430,2023-10-13 02:23:39.631116,550,Medium,Review
643,889,2024-04-03 10:46:02.008323,391,High,Decline
644,235,2023-10-02 17:08:59.605050,763,Low,Review
645,700,2024-12-10 15:06:36.347946,613,Low,Approve
646,1667,2024-09-08 18:24:54.788034,575,High,Review
647,1070,2024-07-24 16:59:12.614623,656,Medium,Review
648,1665,2024-04-20 11:48:40.510301,440,Medium,Review
649,1144,2023-06-26 02:25:08.431186,760,Medium,Review
650,1629,2025-02-11 18:09:30.901217,570,High,Review
651,421,2023-10-26 03:57:07.921522,473,High,Review
652,1546,2023-09-27 08:59:54.598716,411,High,Approve
653,1220,2023-11-17 04:18:23.170101,450,Low,Approve
654,1494,2023-04-24 21:32:50.225227,337,High,Review
655,1700,2023-08-08 16:52:57.329759,561,High,Decline
656,1877,2023-06-25 04:53:07.854029,302,Medium,Decline
657,1844,2024-07-06 01:54:37.321235,649,Low,Review
658,1189,2023-06-21 22:16:12.919033,635,High,Approve
659,1210,2023-04-01 08:56:16.145656,668,Medium,Approve
660,1324,2024-09-09 02:22:15.692516,768,Low,Decline
661,950,2023-03-11 18:43:29.202768,395,Medium,Approve
662,782,2023-07-20 23:06:38.165747,611,High,Decline
663,1257,2024-03-22 20:08:40.124852,788,High,Decline
664,1256,2024-05-28 08:34:34.560393,574,Medium,Review
665,151,2023-11-09 02:30:31.809623,764,Medium,Decline
666,1326,2023-05-10 04:16:36.574768,444,Medium,Approve
667,1258,2024-07-17 00:50:30.958373,313,Medium,Approve
668,193,2023-06-25 01:05:11.675669,319,Medium,Approve
669,172,2024-04-13 06:34:41.976184,386,Low,Decline
670,331,2024-12-02 20:00:26.946784,773,High,Approve
671,1875,2023-10-19 09:10:45.015386,432,Medium,Decline
672,1651,2023-05-05 02:49:05.015738,506,Low,Decline
673,889,2023-10-08 22:21:39.236710,505,Low,Review
674,458,2023-05-20 06:34:37.031311,685,Medium,Review
675,116,2024-01-08 13:16:14.751619,580,High,Approve
676,1059,2024-01-26 17:58:32.200972,831,High,Decline
677,222,2024-06-11 13:00:05.730217,604,Medium,Decline
678,812,2025-02-13 11:15:07.480932,374,Low,Review
679,1435,2024-06-05 13:40:32.839692,687,Low,Decline
680,1322,2023-03-26 14:09:02.475403,537,Low,Decline
681,60,2024-11-28 14:50:14.916617,362,High,Approve
682,145,2024-09-10 23:08:59.650164,829,High,Decline
683,560,2024-02-01 15:08:02.574292,408,Low,Decline
684,339,2025-02-19 11:56:06.140724,536,High,Decline
685,370,2023-05-07 10:09:27.387656,656,Medium,Decline
686,193,2024-10-04 05:16:11.648081,589,Medium,Approve
687,1773,2025-01-07 19:31:41.417773,828,Medium,Approve
688,708,2024-03-12 11:29:34.063757,695,Medium,Review
689,1206,2023-10-21 11:32:06.293883,576,Medium,Decline
690,107,2023-06-22 09:03:10.744340,463,Low,Approve
691,1847,2024-01-16 21:53:49.714983,459,High,Decline
692,1613,2024-12-10 07:40:42.164666,440,High,Decline
693,744,2024-09-07 15:37:08.011535,813,Medium,Review
694,1681,2023-09-19 08:14:02.351580,542,High,Approve
695,157,2024-04-06 05:09:52.592036,409,Medium,Review
696,817,2025-01-13 20:56:04.480857,833,Medium,Decline
697,269,2024-09-12 15:21:31.025246,748,Low,Review
698,822,2023-10-23 06:36:32.484701,562,High,Approve
699,1603,2024-02-20 07:11:28.428405,601,Medium,Decline
700,1867,2024-02-29 03:09:29.537850,523,High,Decline
701,1387,2024-12-22 18:46:25.513660,795,Low,Decline
702,1819,2023-07-22 19:24:34.569630,687,Medium,Decline
703,1137,2024-01-29 09:27:42.535866,840,Medium,Decline
704,648,2024-08-03 19:11:55.651165,721,Medium,Decline
705,1970,2023-05-14 21:22:23.964361,715,Low,Review
706,1328,2024-09-10 15:43:16.008703,597,Medium,Review
707,1461,2023-03-06 03:29:23.658237,575,Low,Review
708,1520,2023-10-22 12:20:46.886320,654,High,Approve
709,789,2023-12-12 23:38:48.109766,592,High,Approve
710,572,2023-05-12 07:46:27.433425,839,Medium,Decline
711,494,2023-12-12 06:18:37.915179,363,Low,Decline
712,181,2024-12-16 03:22:33.469422,848,Low,Decline
713,1601,2025-02-08 09:54:59.104877,757,Medium,Review
714,473,2023-03-20 14:12:35.259948,704,Low,Approve
715,834,2024-07-29 14:01:56.177060,347,Medium,Review
716,873,2023-10-17 02:11:03.767695,343,Low,Review
717,1790,2024-10-22 18:13:26.290540,609,Low,Decline
718,582,2023-07-29 12:10:31.521950,413,Medium,Approve
719,803,2024-07-05 08:05:55.313313,722,Low,Review
720,1498,2024-02-21 23:28:32.899677,745,Low,Decline
721,1481,2023-10-20 21:00:16.058227,606,High,Approve
722,141,2023-07-25 17:28:46.591945,825,Medium,Decline
723,874,2023-12-01 15:22:05.145546,781,Medium,Decline
724,485,2023-02-23 04:42:20.827889,558,Medium,Approve
725,878,2024-12-13 13:57:20.801906,631,High,Review
726,1672,2023-06-07 02:34:37.736251,431,Medium,Approve
727,469,2023-11-24 22:02:46.622367,390,Medium,Approve
728,1711,2023-03-20 13:23:35.389601,731,Medium,Decline
729,939,2024-09-28 09:17:04.961294,829,High,Approve
730,372,2023-04-09 06:59:05.278267,496,Low,Review
731,1815,2024-03-01 04:11:31.255390,350,Medium,Approve
732,422,2024-01-28 17:00:24.360583,388,Low,Approve
733,1913,2024-02-21 04:22:19.623843,339,High,Review
734,1221,2024-04-15 03:19:06.632117,713,Medium,Decline
735,1811,2023-12-22 20:51:48.717523,718,Low,Decline
736,111,2024-02-26 11:32:51.875031,785,High,Review
737,1935,2023-03-11 18:33:07.912372,598,Medium,Decline
738,43,2023-09-22 14:58:16.051279,666,High,Decline
739,1865,2024-06-02 01:14:48.041873,814,High,Approve
740,960,2023-07-03 16:15:42.428928,724,Medium,Review
741,625,2024-03-03 21:31:30.623811,582,Medium,Approve
742,681,2024-11-30 10:11:36.330232,597,High,Decline
743,30,2023-09-05 14:48:22.281297,745,High,Approve
744,1131,2025-01-19 13:15:15.730035,587,Medium,Review
745,225,2023-07-01 12:12:50.794607,725,Low,Approve
746,1738,2023-11-27 12:44:53.017962,717,High,Approve
747,1609,2024-12-22 16:31:07.060261,755,High,Review
748,805,2023-10-30 18:57:15.287876,581,Medium,Decline
749,1984,2023-05-19 20:55:59.132672,552,High,Review
750,1581,2023-12-18 07:29:36.571828,722,High,Approve
751,1643,2023-12-26 09:30:33.992332,546,High,Decline
752,1719,2023-02-25 07:55:33.431692,538,High,Decline
753,1258,2024-12-28 12:20:20.469893,436,High,Approve
754,1564,2023-12-07 23:52:52.806311,331,Medium,Review
755,920,2023-10-14 12:39:39.828280,483,High,Approve
756,371,2024-08-07 23:10:37.432515,584,High,Decline
757,890,2023-05-09 15:03:41.622681,680,High,Approve
758,852,2024-02-12 14:21:13.916545,455,Low,Decline
759,334,2024-08-09 07:26:49.771998,777,High,Approve
760,1453,2024-04-18 23:53:05.904964,660,High,Review
761,1580,2023-05-06 00:28:29.533267,651,Low,Review
762,282,2024-06-17 08:51:55.811252,847,Low,Approve
763,1395,2023-06-09 03:00:45.451349,328,Low,Decline
764,326,2023-07-20 02:55:33.274747,718,High,Approve
765,1664,2024-11-01 04:26:12.896497,763,Low,Review
766,1870,2024-08-12 22:05:07.334605,490,Low,Approve
767,204,2024-01-25 23:57:35.707187,357,High,Decline
768,156,2024-04-21 12:00:05.478114,414,Medium,Decline
769,578,2024-10-13 18:46:47.632959,340,Medium,Approve
770,1681,2023-06-07 04:41:32.617981,518,High,Approve
771,522,2024-11-07 21:10:56.473608,372,Medium,Review
772,1365,2023-03-20 07:15:57.906736,733,Medium,Review
773,234,2024-10-25 15:12:38.277276,735,High,Decline
774,313,2024-07-18 20:23:53.080787,508,Low,Decline
775,1700,2023-09-22 11:00:38.223039,442,High,Decline
776,463,2024-07-03 09:57:07.319227,816,High,Review
777,1016,2023-06-20 16:55:33.569129,500,Medium,Decline
778,438,2023-03-04 23:42:04.519406,811,High,Review
779,642,2023-08-26 19:36:32.091880,371,Low,Review
780,1016,2024-06-09 08:43:25.068893,579,Medium,Decline
781,126,2024-04-01 23:00:47.609414,409,Low,Decline
782,760,2023-07-27 00:58:26.420671,848,Medium,Approve
783,123,2024-01-01 09:26:09.808833,582,Medium,Approve
784,379,2023-10-04 22:28:07.992495,850,High,Review
785,139,2024-04-09 05:45:28.737386,523,Low,Review
786,836,2024-02-10 02:29:15.906676,545,High,Review
787,458,2024-12-10 02:40:24.074634,395,Low,Decline
788,22,2023-03-05 22:43:46.245842,761,Low,Review
789,1799,2024-12-21 02:29:53.003590,339,Low,Decline
790,1062,2024-08-24 13:00:00.061913,555,Low,Review
791,121,2023-04-04 23:53:27.453061,559,Low,Review
792,96,2024-10-14 23:41:21.944143,586,Low,Review
793,1706,2023-09-02 23:03:06.596457,789,Medium,Decline
794,103,2024-03-31 09:17:04.763627,403,High,Approve
795,1617,2024-10-02 09:30:26.652468,702,High,Decline
796,98,2023-03-27 13:21:54.307255,754,Low,Decline
797,149,2023-10-30 17:23:35.875187,731,High,Decline
798,425,2024-07-09 22:54:47.112847,698,High,Review
799,76,2023-09-25 00:13:35.498592,374,High,Review
800,1348,2023-03-06 18:12:41.522929,554,Low,Review
801,39,2023-07-23 19:54:54.262995,787,High,Approve
802,1709,2024-05-19 10:06:17.074927,722,High,Decline
803,883,2024-05-04 10:30:09.754854,646,Medium,Approve
804,89,2024-06-01 02:33:17.715416,365,High,Approve
805,912,2023-03-20 04:14:29.647728,829,High,Review
806,1073,2024-06-20 07:06:49.042378,705,Low,Review
807,1019,2025-01-18 17:17:01.705859,750,Low,Approve
808,973,2023-10-15 14:55:24.397906,645,Low,Approve
809,646,2024-09-10 17:29:51.812397,827,Low,Decline
810,594,2024-03-28 19:01:30.811186,546,Medium,Review
811,1383,2023-10-30 20:11:47.531360,632,Medium,Review
812,1096,2023-07-03 00:38:46.804328,567,Medium,Approve
813,200,2025-02-09 21:49:40.654268,536,High,Decline
814,396,2025-01-10 22:06:35.007654,773,Medium,Decline
815,1822,2023-06-29 08:47:09.150687,493,Medium,Review
816,1588,2024-02-26 12:20:43.823819,537,Low,Approve
817,1194,2023-04-11 07:59:05.451998,494,High,Decline
818,1532,2023-04-19 20:36:33.602993,611,High,Review
819,1220,2023-09-06 00:44:58.115370,837,High,Decline
820,644,2023-06-04 14:55:39.294338,422,Low,Decline
821,1077,2025-01-26 01:21:28.789706,323,Low,Review
822,303,2024-02-26 02:22:48.437429,685,High,Approve
823,179,2024-06-08 14:08:40.098480,749,High,Approve
824,1101,2024-05-27 05:53:40.912096,391,High,Review
825,1039,2023-08-09 07:31:29.500578,456,Medium,Approve
826,325,2023-07-24 11:16:53.658197,330,Low,Approve
827,1350,2024-12-29 19:17:20.580942,502,Low,Approve
828,790,2024-06-15 14:53:07.406212,432,High,Decline
829,497,2023-02-23 06:33:30.103920,803,High,Decline
830,808,2023-08-18 20:34:34.538199,389,Low,Decline
831,1895,2024-07-04 02:16:06.646925,539,Low,Review
832,321,2024-10-27 06:52:13.334470,486,High,Review
833,147,2024-06-09 14:05:24.050873,553,Medium,Review
834,335,2024-12-19 17:08:42.364003,809,High,Decline
835,337,2023-03-17 10:14:42.682585,538,High,Approve
836,64,2024-12-06 04:20:35.453784,347,High,Review
837,1347,2024-10-12 01:39:46.306176,615,Medium,Approve
838,183,2023-11-07 06:31:04.423144,605,Medium,Approve
839,1779,2023-11-17 00:11:11.564908,374,Low,Review
840,1668,2023-06-09 05:28:46.551543,764,Medium,Decline
841,822,2024-05-27 18:22:33.499898,683,High,Decline
842,815,2023-04-23 08:32:32.967206,538,Medium,Approve
843,1841,2025-01-11 03:15:39.497322,706,High,Approve
844,884,2023-05-19 23:18:16.527186,520,Medium,Decline
845,1984,2024-03-03 22:14:47.496934,643,Low,Approve
846,1224,2024-09-06 05:03:36.297539,529,Medium,Approve
847,548,2023-05-04 10:49:57.070279,522,High,Review
848,37,2024-01-10 17:02:11.137130,334,Low,Decline
849,1031,2025-01-26 03:02:15.036932,356,Medium,Approve
850,1452,2025-01-14 12:51:43.945013,639,High,Review
851,233,2025-02-04 17:06:29.168955,397,Low,Decline
852,1811,2025-01-19 20:09:16.879587,667,High,Decline
853,1773,2024-06-20 02:11:26.400027,561,Medium,Approve
854,376,2023-03-17 19:07:17.462886,604,Low,Approve
855,981,2024-03-11 07:50:42.084912,589,Medium,Decline
856,820,2024-05-09 20:24:44.990536,353,Medium,Review
857,1447,2023-03-02 03:47:10.764766,612,Medium,Decline
858,117,2025-01-17 10:27:31.311496,703,Low,Review
859,1988,2023-03-13 05:36:30.873676,725,Medium,Approve
860,468,2023-06-13 03:54:27.917972,506,Medium,Approve
861,148,2024-06-15 02:03:59.847343,496,High,Approve
862,884,2023-11-24 17:14:29.344258,671,Medium,Review
863,1644,2023-09-18 16:20:30.450850,703,Medium,Review
864,640,2024-02-01 15:37:57.756788,643,High,Decline
865,352,2023-12-22 12:33:27.711444,746,Low,Approve
866,119,2023-07-13 13:57:22.831909,427,High,Review
867,87,2024-04-26 01:44:08.447140,734,Medium,Review
868,476,2024-07-27 07:49:17.493345,731,Medium,Approve
869,1433,2024-02-13 09:47:57.234986,333,High,Review
870,1923,2023-06-20 10:11:10.795582,737,Low,Review
871,1697,2024-07-27 17:16:28.759326,791,Medium,Decline
872,1363,2024-07-20 16:36:11.199384,501,Low,Decline
873,1840,2024-08-02 19:11:05.771916,499,Medium,Approve
874,1063,2023-12-19 13:41:42.797874,766,Medium,Review
875,1428,2023-05-21 08:36:08.505412,788,Low,Decline
876,94,2024-04-09 00:15:57.492244,319,Low,Approve
877,249,2024-02-13 07:25:52.971743,352,High,Decline
878,1883,2023-06-24 14:42:28.461192,538,Medium,Review
879,313,2023-05-29 10:50:36.609454,719,High,Decline
880,948,2023-07-01 06:03:06.008776,421,High,Approve
881,676,2023-06-28 18:08:36.935057,625,High,Approve
882,1611,2023-12-10 21:10:03.640475,323,Medium,Review
883,1521,2023-09-28 21:31:43.010068,542,High,Decline
884,1055,2023-03-08 05:56:53.614832,745,Medium,Approve
885,995,2024-01-15 03:36:00.731187,786,High,Review
886,177,2023-08-25 16:45:47.195977,557,High,Decline
887,1784,2023-07-16 17:08:49.795508,359,Medium,Approve
888,310,2024-04-15 20:38:24.838797,488,High,Review
889,280,2023-04-18 04:12:04.631516,509,High,Decline
890,526,2024-08-11 04:02:38.673410,536,High,Review
891,188,2024-10-26 00:19:31.519195,631,Medium,Approve
892,167,2023-06-29 11:33:09.808798,489,Low,Approve
893,1671,2024-10-26 02:42:56.808193,561,Medium,Approve
894,859,2023-12-19 15:47:12.598535,616,High,Review
895,476,2025-02-01 05:40:27.562198,316,Medium,Review
896,1363,2023-10-22 20:36:19.286223,803,High,Approve
897,1888,2024-11-11 04:35:17.891064,521,Low,Decline
898,501,2025-01-24 13:34:48.988449,446,Low,Review
899,396,2023-07-07 21:46:16.166748,550,High,Review
900,432,2024-01-28 14:54:40.211866,499,High,Approve
901,301,2024-07-06 16:00:05.997442,363,High,Decline
902,743,2025-02-02 20:29:24.818194,490,High,Review
903,757,2023-06-03 05:19:19.629527,579,Medium,Decline
904,1543,2023-12-25 14:21:12.692602,388,Medium,Review
905,1440,2023-10-31 19:24:12.074064,827,Low,Decline
906,443,2024-11-18 04:02:30.143742,433,High,Approve
907,184,2024-04-02 22:10:29.919176,319,High,Approve
908,1831,2023-03-26 08:33:21.185471,736,Medium,Approve
909,1058,2023-03-01 14:19:00.757228,787,Low,Review
910,1698,2024-08-08 14:40:42.015318,645,Medium,Review
911,358,2024-10-14 16:58:10.790498,371,Medium,Decline
912,1695,2023-08-09 13:45:22.932282,477,Medium,Review
913,1174,2024-02-24 04:47:19.805320,455,Low,Approve
914,1843,2023-08-01 16:42:15.647067,796,Medium,Decline
915,878,2023-07-21 03:40:57.699948,626,High,Approve
916,304,2024-11-05 20:04:18.918920,433,High,Review
917,1841,2024-07-02 03:29:38.875790,754,Low,Approve
918,144,2023-08-02 02:05:37.221619,498,High,Decline
919,1923,2024-12-21 08:36:23.695564,305,Medium,Decline
920,1925,2024-10-04 22:35:12.427903,628,Low,Approve
921,1394,2023-04-08 03:51:42.434367,406,Low,Review
922,1752,2023-12-03 18:50:48.320703,511,Low,Approve
923,324,2023-09-05 09:29:34.026152,801,Low,Approve
924,983,2024-03-30 10:26:30.129609,573,Medium,Approve
925,423,2023-12-29 03:16:43.244411,343,Medium,Review
926,798,2023-11-26 12:21:03.785476,455,Medium,Approve
927,106,2024-05-15 17:40:02.984135,382,Medium,Approve
928,313,2023-03-04 00:55:03.634610,644,High,Decline
929,812,2023-11-05 21:38:09.266871,470,Low,Decline
930,1974,2023-10-27 23:59:38.990253,679,Low,Decline
931,1933,2024-06-01 00:52:57.834530,623,High,Approve
932,1310,2023-10-04 21:18:31.586576,554,Medium,Decline
933,31,2024-04-28 17:03:22.533068,317,Low,Approve
934,1069,2023-03-14 05:25:27.839568,676,Low,Review
935,189,2024-09-09 01:33:23.320836,638,Low,Decline
936,43,2023-12-06 16:23:38.394467,630,High,Decline
937,347,2023-04-16 01:26:11.878107,789,Medium,Decline
938,1984,2024-12-03 23:44:13.512102,431,High,Approve
939,439,2024-03-24 01:31:07.252713,447,High,Review
940,1636,2023-03-17 17:12:54.700421,480,High,Review
941,890,2024-05-05 11:20:59.135701,466,Low,Approve
942,734,2024-05-01 16:13:54.068880,541,Medium,Decline
943,1854,2024-11-12 06:35:30.924861,374,Low,Decline
944,5,2024-12-17 16:57:05.162407,457,Low,Approve
945,718,2024-11-24 10:00:07.686445,751,High,Approve
946,1004,2024-11-16 23:14:12.935854,673,Medium,Decline
947,1039,2024-10-27 19:03:11.133807,372,High,Review
948,1752,2024-09-17 07:36:12.276196,808,Medium,Approve
949,1938,2025-01-09 20:28:08.439830,526,Low,Review
950,217,2023-11-03 09:52:09.200587,505,High,Approve
951,1007,2023-04-11 17:46:38.831224,713,High,Approve
952,841,2024-12-25 14:50:50.135191,668,High,Review
953,98,2023-11-27 13:23:11.085274,766,Medium,Review
954,1923,2023-06-13 18:15:05.001140,601,Medium,Approve
955,1643,2024-11-13 19:53:08.764584,510,Low,Review
956,279,2023-06-13 07:50:11.586381,783,High,Review
957,1699,2023-03-23 09:11:05.284905,730,Medium,Approve
958,1894,2024-04-03 05:22:18.758016,406,Low,Decline
959,413,2024-04-18 17:52:23.500413,341,Medium,Approve
960,1774,2023-08-15 09:12:18.505245,795,High,Decline
961,557,2023-08-03 12:32:06.321424,590,Medium,Decline
962,1342,2023-08-28 14:26:08.100543,841,High,Decline
963,279,2025-01-29 11:36:56.301072,413,Medium,Review
964,1238,2024-02-17 18:43:30.794293,786,Medium,Approve
965,138,2024-05-26 23:18:26.158222,542,Low,Approve
966,1469,2024-06-01 10:44:04.951756,707,Medium,Review
967,614,2023-03-08 16:52:39.920795,303,High,Decline
968,1247,2024-09-23 20:58:35.226152,423,Medium,Approve
969,1525,2024-04-14 01:02:51.115023,760,Low,Review
970,700,2023-03-05 08:15:32.766566,362,High,Review
971,388,2023-10-31 11:07:19.332953,809,High,Approve
972,1898,2023-03-29 03:34:50.956151,370,High,Review
973,1077,2023-06-08 13:56:43.593157,453,High,Review
974,299,2024-03-28 16:54:36.768647,532,High,Review
975,1219,2025-01-17 12:11:36.298469,784,Low,Review
976,1723,2023-12-02 12:11:33.331627,438,Low,Decline
977,233,2024-09-22 19:22:31.555933,704,High,Review
978,664,2024-09-15 06:01:06.262974,385,Low,Review
979,1895,2024-09-08 00:32:33.667205,802,Medium,Approve
980,363,2023-05-06 19:37:54.884588,831,High,Approve
981,1340,2023-08-06 17:00:21.139999,622,Low,Decline
982,1741,2025-01-06 09:32:20.942096,547,High,Review
983,1971,2025-02-07 14:50:23.234078,440,High,Review
984,511,2025-01-26 02:38:09.895649,385,High,Review
985,376,2024-02-12 15:29:22.858928,788,High,Review
986,428,2024-05-19 14:12:12.518398,663,High,Approve
987,359,2025-02-21 07:03:21.126657,435,Low,Approve
988,1803,2023-11-27 07:16:27.043423,539,High,Approve
989,1785,2024-05-29 09:26:14.580546,711,Low,Review
990,958,2024-10-20 12:53:56.271035,622,Low,Review
991,983,2023-11-25 21:51:00.363467,448,High,Approve
992,1856,2024-03-27 23:16:14.667589,434,Low,Approve
993,1685,2024-12-21 15:18:55.557394,528,High,Review
994,1164,2024-07-20 14:47:07.730754,580,High,Approve
995,505,2023-05-22 22:19:45.900244,432,High,Review
996,1811,2024-11-26 08:59:22.092584,805,High,Decline
997,764,2023-04-20 10:02:49.388805,303,Low,Decline
998,1758,2024-09-24 10:39:55.484172,714,High,Approve
999,395,2023-03-06 22:49:01.328892,535,Medium,Review
1000,942,2024-01-17 11:22:07.413990,361,High,Review
